{
  "only_stand_users_can_see_stands": true,
  "only_stand_users_can_see_vanilla_ghost_mobs": false,
  "render_justice_hands_while_piloting": true,
  "render_gas_splatter_overlay": false,
  "show_creative_text_on_worthiness_arrow": true,
  "particle_settings": {
    "render_justice_particles_in_first_person": true,
    "render_justice_particles_while_piloting_in_first_person": false,
    "justice_fog_particles_per_tick": 5,
    "justice_skin_flame_particles_per_tick": 3,
    "body_bag_holding_particles_per_five_ticks": 1
  },
  "opacity_settings": {
    "opacity_of_stand": 100.0,
    "opacity_while_attacking": 100.0,
    "opacity_of_others": 100.0
  },
  "time_stop_settings": {
    "time_stop_freezes_screen": false,
    "simple_time_stop_shader": true
  }
}