{
  "levels_to_get_stand": 15,
  "levels_to_reroll_stand": 1,
  "can_awaken_other_players_with_arrows": false,
  "enable_stand_leveling": true,
  "stand_experience_needed_for_levelup_multiplier": 100,
  "barrage_has_area_of_effect": true,
  "disable_melee_while_stand_active": true,
  "disable_bleeding_and_blood_splatters": false,
  "stand_discs_drop_with_keep_game_rule_off": false,
  "stand_guard_delay_ticks": 3,
  "fabric_terrier_spawn_weight_in_taiga_use_datapack_for_forge": 2,
  "fabric_terrier_spawn_weight_in_desert_use_datapack_for_forge": 1,
  "worthy_mob_odds": 0.05,
  "stand_user_odds": 0.005,
  "stand_user_villager_odds": 0.02,
  "user_and_worthy_breeding_odds_bonus": 0.15,
  "multiply_above_for_villager_breeding": 2,
  "star_platinum_scope_uses_potion_effect_for_night_vision": false,
  "justice_fog_and_pilot_range": 100,
  "charge_settings": {
    "barrage_windup": 29,
    "kick_barrage_windup": 20,
    "mobs_interrupt_some_stand_attacks": true,
    "stands_interrupt_some_stand_attacks": true,
    "players_interrupt_some_stand_attacks": true,
    "barrages_are_always_interruptable": true,
    "time_stop_is_always_interruptable": true
  },
  "damage_multipliers": {
    "bonus_stand_dmg_by_max_level": 0,
    "star_platinum_attacks_on_mobs": 100,
    "star_platinum_attacks_on_players": 100,
    "the_world_attacks_on_mobs": 100,
    "the_world_attacks_on_players": 100,
    "thrown_blocks": 100,
    "stand_guard_multiplier": 100,
    "gasoline_explosion": 100,
    "knife_damage_on_mobs": 100,
    "knife_damage_on_players": 100,
    "max_knives_in_one_hit": 12,
    "match_damage": 100,
    "stand_user_mobs_take_player_damage_multipliers": true
  },
  "cooldowns_in_ticks": {
    "stand_punch": 27,
    "final_stand_punch_in_string": 37,
    "final_punch_and_kick_minimum": 20,
    "star_platinum_guardian": 200,
    "barrage_recoil": 35,
    "star_finger": 90,
    "star_finger_interrupt": 90,
    "the_world_assault": 40,
    "the_world_assault_interrupt": 60,
    "dash": 120,
    "jumping_dash": 160,
    "stand_jump": 280,
    "stand_jump_and_dash_share_cooldown": true,
    "vaulting": 80,
    "impale_attack": 40,
    "object_throw": 30,
    "mob_throw": 30,
    "switch_stand_disc": 100,
    "switch_stand_disc_while_on_cooldowns": 300,
    "time_stop_minimum": 200,
    "time_stop_interrupt": 60,
    "time_stop_action_bonus_ticks": 300,
    "time_stop_time_used_multiplier": 100,
    "creative_mode_refreshes_cooldowns": true
  },
  "time_stop_settings": {
    "max_time_stop_ticks_star_platinum": 100,
    "max_time_stop_ticks_the_world": 100,
    "full_charge_time_stop_ticks_the_world": 80,
    "prevents_breathing": false,
    "enable_hovering": true,
    "mobs_teleport_instead_of_stopping_time": true,
    "warden_moves_in_stopped_time": true,
    "rate_of_charging_time_stop": 2,
    "impulse_time_stop_length": 20,
    "player_damage_cap_health_percent": 30,
    "creative_mode_infinite_time_stop": true,
    "block_range_negative_one_is_infinite": 100
  }
}